{
  "hour_cos": 0.006698940206725101,
  "hour_sin": 0.0058615726808844745,
  "m15_trend_strength": 0.004657856862488563,
  "dow_sin": 0.004082166688473121,
  "range_position": 0.0032709668978149866,
  "dist_to_high": 0.0027214444589820806,
  "dist_to_low": 0.0026952767237995445,
  "bb_position": 0.0020672510794190746,
  "atr_pct": 0.0019887478738715323,
  "autocorr_5": 0.0018055737275938677,
  "m15_momentum": 0.0015962318461337332,
  "bb_width_pct": 0.0014915609054036328,
  "ema_21_dist": 0.0013868899646735545,
  "rsi_slope": 0.0013345544943085264,
  "ret_3": 0.001229883553578448,
  "ema_spread": 0.0009420384665707271,
  "m15_rsi": 0.0008635352610231406,
  "ret_1": 0.0008373675258406488,
  "momentum_acceleration": 0.0008111997906581347,
  "rsi": 0.0006803611147455201,
  "ret_5": 0.0006280256443804922,
  "efficiency": 0.0006280256443804699,
  "body_ratio": 0.0006018579091979559,
  "compression": 0.0005495224388329279,
  "lower_rejection": 0.0005495224388329057,
  "vol_spike": 0.0004971869684678776,
  "vol_imbalance": 0.00047101923328538573,
  "m1_range_mean": 0.000340180557372749,
  "vol_ratio_50": 0.00031401282219027936,
  "m1_momentum_std": 0.00018317414627764262,
  "structure_hh": 0.00013083867591259234,
  "atr_ratio": 7.85032055475643e-05,
  "momentum_smooth": 7.85032055475643e-05,
  "consecutive_bull": 7.85032055475643e-05,
  "upper_rejection": 5.233547036505026e-05,
  "trend_structure": 5.233547036502806e-05,
  "squeeze": 0.0,
  "breakout_up": 0.0,
  "breakout_down": 0.0,
  "structure_hl": 0.0,
  "vol_climax": -2.6167735182536233e-05,
  "ema_alignment": -7.850320554754208e-05,
  "consecutive_bear": -0.00010467094073005612
}