{
  "hour_cos": 0.01446345256609638,
  "dow_sin": 0.00933125972006219,
  "autocorr_5": 0.006376360808709136,
  "bb_width_pct": 0.006376360808709114,
  "vol_spike": 0.005754276827371685,
  "vol_climax": 0.005598755832037306,
  "atr_pct": 0.005443234836702926,
  "hour_sin": 0.005443234836702926,
  "m15_rsi": 0.004976671850699809,
  "momentum_smooth": 0.0020217729393468,
  "ema_spread": 0.0018662519440124203,
  "range_position": 0.001244167962674947,
  "atr_ratio": 0.0010886469673405453,
  "lower_rejection": 0.0010886469673405453,
  "rsi": 0.0007776049766718307,
  "structure_hl": 0.00015552099533433505,
  "dist_to_low": -0.00031104199066878113,
  "squeeze": -0.0007776049766718973,
  "structure_hh": -0.001088646967340634,
  "ema_alignment": -0.0010886469673406563,
  "efficiency": -0.0012441679626749914,
  "bb_position": -0.0013996889580093707,
  "m1_range_mean": -0.0018662519440124869,
  "m15_momentum": -0.0021772939346812016,
  "m15_trend_strength": -0.002332814930015581,
  "dist_to_high": -0.002643856920684318,
  "upper_rejection": -0.002643856920684362,
  "vol_imbalance": -0.00357698289269055,
  "m1_momentum_std": -0.004354587869362425,
  "ema_21_dist": -0.004976671850699899,
  "body_ratio": -0.005287713841368636,
  "compression": -0.006220839813374868
}