{
  "sl_atr_mult": 1.5,
  "be_trigger_atr": 1.3,
  "be_margin_atr": 1.0,
  "max_leverage": 20.0,
  "ml_quality_threshold": 0.6,
  "cooldown_bars": 12,
  "num_features": 10,
  "training_date": "2026-02-13T15:48:09.088306",
  "results": {
    "wr": 28.169014084507044,
    "pf": 0.1745473843267715,
    "trades": 71,
    "tpd": 3.9444444444444446,
    "pnl": -49.95601766613555
  }
}