{
  "btc_trend_str": 0.02869720037571318,
  "hour_cos": 0.020271691130083647,
  "hour_sin": 0.019262312318627184,
  "dow_sin": 0.015505180075983746,
  "btc_momentum_3": 0.014173360810867619,
  "btc_momentum_12": 0.01223871808890938,
  "dow_cos": 0.008215221993242724,
  "return_skew": 0.008117087942128879,
  "m15_trend_str": 0.007065651680195091,
  "oi_price_div": 0.004303879098848995,
  "atr_pct": 0.004065553546143981,
  "alt_btc_div_6": 0.003448710939142822,
  "btc_vol_surge": 0.003378615188347219,
  "compression": 0.003126270485483159,
  "rsi": 0.0028038300318234213,
  "oi_ratio": 0.00236923637689083,
  "aggr_sell_cnt": 0.0019066044216398865,
  "m15_momentum": 0.0019066044216398865,
  "vwap_dist": 0.0017944512203669587,
  "vol_delta_norm": 0.0014720107667072953,
  "ema_9_dist": 0.001415934166070813,
  "atr_expansion": 0.0010093788114564257,
  "momentum_accel": 0.0008691873098652195,
  "btc_alt_corr": 0.0008551681597060989,
  "m15_rsi": 0.0005747851565237605,
  "aggr_buy_cnt": 0.0005046894057281944,
  "range_position": 0.00036449790413702515,
  "m15_range_pos": 0.0003364596038187469,
  "ema_spread": 0.0002803830031823014,
  "squeeze_intensity": 0.00026636385302318083,
  "bb_position": 0.00016822980190933645,
  "m1_range_mean": 7.00957507955291e-05,
  "m15_trend": 2.803830031820424e-05,
  "vol_delta_12": 2.803830031816723e-05,
  "vol_delta_5": 1.4019150159083615e-05,
  "funding_rate": 0.0,
  "funding_extreme": 0.0,
  "funding_direction": 0.0,
  "funding_cum_3": 0.0,
  "rsi_divergence": 0.0,
  "squeeze": 0.0,
  "ema_alignment": -2.8038300318278253e-05,
  "vol_imbalance": -4.2057450477398874e-05,
  "efficiency": -8.411490095472374e-05,
  "m1_momentum_std": -0.00015421065175036386,
  "oi_change_pct": -0.00016822980190944747,
  "alt_btc_div_3": -0.0005046894057282684
}