{
  "m5_day_of_month": 0.01438597851797277,
  "m5_swing_low": 0.01202644538369072,
  "m5_day_sin": 0.00855985109930591,
  "m5_close_position": 0.008513319632401406,
  "m5_hour_cos": 0.007010741013610456,
  "m5_swing_high": 0.006894412346349216,
  "m5_hour_sin": 0.005760207840552168,
  "m5_ema_50_200_cross": 0.003883438675404238,
  "m5_atr_vs_avg": 0.0035848617627670665,
  "m5_structure_score": 0.002673620535887394,
  "m1_vwap_dist_last": 0.002663926480282286,
  "m1_ema_3_last": 0.0023091240451355243,
  "m5_ema_200_dist": 0.0022335104114157176,
  "m5_dist_to_resistance": 0.0021850401333901983,
  "m5_dist_to_support": 0.001929117065415481,
  "m15_atr_pct": 0.0018980960874791619,
  "m5_regime_strong_downtrend": 0.0017139090309821968,
  "m5_lower_high": 0.0013591065958354297,
  "m5_day_cos": 0.0013183915622940023,
  "m5_higher_high": 0.0013125751289309318,
  "m15_high_dist": 0.0013048198844468506,
  "m15_momentum": 0.001297064639962775,
  "m5_regime_strong_uptrend": 0.0012718600953895043,
  "m1_momentum_3_last": 0.0012369614952111307,
  "m5_higher_low": 0.0011981852727907193,
  "m5_lower_low": 0.001037263949746009,
  "m5_atr_7_pct": 0.001023692271898874,
  "m5_range_position": 0.0008763426267012931,
  "m1_rsi_5_mean": 0.0008724650044592663,
  "m5_rsi_14_change": 0.0008259335375547683,
  "m1_rsi_9_mean": 0.0007755244484082379,
  "m5_stoch_d": 0.0007057272480514909,
  "m5_return_10": 0.0006999108146884314,
  "m5_session_american": 0.000672767458994139,
  "m1_momentum_1_std": 0.0006650122145100579,
  "m5_atr_ratio": 0.0006630734033890417,
  "m5_rsi_7_change": 0.0006611345922680145,
  "m5_session_european": 0.0006475629144208738,
  "m5_bb_width": 0.0006378688588157711,
  "m5_volume_ratio_20": 0.0005021520803443369,
  "m15_trend_strength": 0.0004730699135290173,
  "m15_rsi": 0.0003334755128155453,
  "m15_low_dist": 0.00032378145721042586,
  "m5_volume_ratio_5": 0.0003160262127263447,
  "m5_atr_21_pct": 0.000288882857032069,
  "vol_zscore": 0.00025592306797472266,
  "m15_volume_ratio": 0.00025204544573267376,
  "m5_hl_range_ma": 0.0002462290123696198,
  "m5_rsi_7": 0.00023653495676451697,
  "m5_volume_ratio_10": 0.00022296327891737632,
  "price_vs_vwap": 0.0002210244677963491,
  "m5_hl_range_ratio": 0.00021908565667531633,
  "m5_return_20": 0.00021133041219124627,
  "m5_regime_high_volatility": 0.00021133041219124627,
  "m5_rsi_14": 0.00020939160107021347,
  "m5_bb_position": 0.00019581992322307285,
  "m5_stoch_k": 0.00017061537864981324,
  "m1_upper_wick_last": 0.00013377796735042358,
  "m5_log_return_1": 0.00011245104501919623,
  "m5_ema_trend": 0.00010275698941408784,
  "m5_session_asian": 0.00010081817829307171,
  "m1_rsi_5_last": 8.724650044592553e-05,
  "m1_momentum_1_mean": 7.755244484081159e-05,
  "m5_rsi_7_oversold": 7.561363371980657e-05,
  "m5_return_1": 6.204195587266037e-05,
  "m1_ema_8_last": 6.010314475164424e-05,
  "m1_body_size_last": 5.6225522509595335e-05,
  "m5_rsi_14_divergence": 4.6531466904492505e-05,
  "m1_momentum_3_mean": 4.6531466904492505e-05,
  "m5_price_above_ema_200": 4.071503354142747e-05,
  "vol_momentum": 3.877622242042245e-05,
  "m5_hl_range": 2.908216681530851e-05,
  "m1_lower_wick_last": 2.5204544573270705e-05,
  "m5_regime_ranging": 2.1326922331238452e-05,
  "vol_ratio": 1.938811121020567e-05,
  "m1_momentum_1_last": 1.7449300089189546e-05,
  "m5_rsi_7_divergence": 1.5510488968173418e-05,
  "m5_ema_9_21_cross": 1.551048896816232e-05,
  "m1_volume_spike_last": 9.694055605108387e-06,
  "m1_rsi_9_last": 7.755244484086709e-06,
  "m5_atr_14_pct": 7.755244484075608e-06,
  "m5_stoch_oversold": 5.8164333630650326e-06,
  "m5_macd_above_zero": 1.9388111210216772e-06,
  "m1_momentum_5_mean": 1.938811121016126e-06,
  "m5_gap": 0.0,
  "m5_price_above_ema_9": 0.0,
  "m5_price_above_ema_21": 0.0,
  "m5_price_above_ema_50": 0.0,
  "m5_rsi_7_overbought": 0.0,
  "m5_rsi_14_overbought": 0.0,
  "m5_rsi_14_oversold": 0.0,
  "m5_stoch_cross": 0.0,
  "m5_stoch_overbought": 0.0,
  "m5_doji": 0.0,
  "m5_hammer": 0.0,
  "m5_inverted_hammer": 0.0,
  "m5_spinning_top": 0.0,
  "m5_marubozu": 0.0,
  "m5_engulfing": 0.0,
  "m5_harami": 0.0,
  "m5_morning_star": 0.0,
  "m5_evening_star": 0.0,
  "m5_bullish_pattern_sum": 0.0,
  "m5_bearish_pattern_sum": 0.0,
  "m5_at_resistance": 0.0,
  "m5_at_support": 0.0,
  "m5_breakout_up": 0.0,
  "m5_breakout_down": 0.0,
  "m5_above_fast_ema": 0.0,
  "m5_above_slow_ema": 0.0,
  "m5_regime_weak_uptrend": 0.0,
  "m5_regime_weak_downtrend": 0.0,
  "m15_trend": 0.0,
  "m1_momentum_5_last": 0.0,
  "m1_momentum_5_std": 0.0,
  "m1_rsi_5_std": 0.0,
  "m1_micro_trend_last": 0.0,
  "m5_ema_50_dist": -7.755244484075608e-06,
  "m5_macd_cross": -7.755244484086709e-06,
  "m5_bb_squeeze": -1.1632866726130065e-05,
  "m1_rsi_9_std": -1.1632866726130065e-05,
  "m5_ema_21_dist": -1.5510488968156765e-05,
  "m5_is_weekend": -1.938811121020567e-05,
  "m1_momentum_3_std": -3.1020977936330187e-05,
  "m5_return_5": -5.622552250960644e-05,
  "m5_ema_9_dist": -6.398076699367649e-05
}