{
  "m5_day_of_month": 0.014618114129486354,
  "m5_swing_low": 0.010356194132588741,
  "m5_swing_high": 0.007125821650863812,
  "m5_hour_sin": 0.0067496558276617545,
  "m5_hour_cos": 0.005436953444631876,
  "m5_close_position": 0.004859131716208098,
  "m5_atr_vs_avg": 0.004349174955887769,
  "m5_day_sin": 0.004345296957710432,
  "m15_atr_pct": 0.0037015492602718468,
  "m5_regime_strong_downtrend": 0.0021871909720202476,
  "m5_rsi_14_change": 0.002076668023966016,
  "m5_atr_21_pct": 0.0019758400713551726,
  "m1_rsi_9_mean": 0.0017896961588428073,
  "m5_range_position": 0.0017412211816260404,
  "m5_higher_high": 0.0016132472417737908,
  "m1_rsi_5_mean": 0.0015085412909855878,
  "m5_ema_200_dist": 0.0014697613092121808,
  "m5_atr_14_pct": 0.0014561883155914835,
  "m5_day_cos": 0.0013514823648032748,
  "m5_structure_score": 0.0013301533748279026,
  "m5_ema_50_200_cross": 0.001277800399433804,
  "m1_vwap_dist_last": 0.0012176914276850303,
  "m5_higher_low": 0.0011284974696061877,
  "m5_stoch_d": 0.0011226804723401818,
  "m1_ema_3_last": 0.0010296085160839906,
  "m5_lower_high": 0.0010063405270199443,
  "m5_regime_strong_uptrend": 0.0008318306090396132,
  "m5_lower_low": 0.0007484536482267878,
  "m5_session_asian": 0.0006204797083745383,
  "m5_dist_to_support": 0.0005758827293351199,
  "m5_session_american": 0.0005215907548523357,
  "m5_dist_to_resistance": 0.00044790878948287036,
  "m5_session_european": 0.00037810482229073126,
  "price_vs_vwap": 0.0003684098268473768,
  "m5_volume_ratio_5": 0.0003528978341380162,
  "m5_return_10": 0.0003335078432513183,
  "m5_stoch_k": 0.00025982587788183075,
  "m5_ema_50_dist": 0.00025013088243847623,
  "m5_is_weekend": 0.00022880189246309856,
  "m1_momentum_1_last": 0.00022298489519709808,
  "m5_rsi_7": 0.00021135090066506934,
  "m15_rsi": 0.00020941190157641176,
  "m5_regime_high_volatility": 0.00017257091889166242,
  "m5_price_above_ema_200": 0.00012409594167489546,
  "m5_rsi_7_oversold": 0.00011440094623154096,
  "m5_macd_above_zero": 9.694995443352284e-05,
  "m5_ema_9_dist": 6.204797083745329e-05,
  "m5_hl_range_ma": 5.816997266010482e-05,
  "m1_momentum_3_last": 5.235297539408767e-05,
  "m1_body_size_last": 3.102398541871554e-05,
  "m5_hl_range": 2.908498633005241e-05,
  "m5_ema_21_dist": 2.7145987241383728e-05,
  "m5_atr_ratio": 2.7145987241378178e-05,
  "m1_rsi_5_std": 2.326798906404082e-05,
  "m1_rsi_9_std": 3.877998177337361e-06,
  "m1_volume_spike_last": 1.9389990886686805e-06,
  "m5_price_above_ema_9": 0.0,
  "m5_price_above_ema_21": 0.0,
  "m5_price_above_ema_50": 0.0,
  "m5_rsi_7_overbought": 0.0,
  "m5_rsi_7_divergence": 0.0,
  "m5_rsi_14_overbought": 0.0,
  "m5_rsi_14_oversold": 0.0,
  "m5_rsi_14_divergence": 0.0,
  "m5_stoch_cross": 0.0,
  "m5_stoch_overbought": 0.0,
  "m5_stoch_oversold": 0.0,
  "m5_bb_squeeze": 0.0,
  "m5_doji": 0.0,
  "m5_hammer": 0.0,
  "m5_inverted_hammer": 0.0,
  "m5_spinning_top": 0.0,
  "m5_marubozu": 0.0,
  "m5_engulfing": 0.0,
  "m5_harami": 0.0,
  "m5_morning_star": 0.0,
  "m5_evening_star": 0.0,
  "m5_bullish_pattern_sum": 0.0,
  "m5_bearish_pattern_sum": 0.0,
  "m5_at_resistance": 0.0,
  "m5_at_support": 0.0,
  "m5_breakout_up": 0.0,
  "m5_breakout_down": 0.0,
  "m5_ema_trend": 0.0,
  "m5_above_fast_ema": 0.0,
  "m5_above_slow_ema": 0.0,
  "m5_regime_weak_uptrend": 0.0,
  "m5_regime_weak_downtrend": 0.0,
  "m15_trend": 0.0,
  "m1_momentum_3_std": 0.0,
  "m1_momentum_5_last": 0.0,
  "m1_rsi_5_last": 0.0,
  "m1_micro_trend_last": 0.0,
  "m1_upper_wick_last": -1.9389990886686805e-06,
  "m5_bb_position": -3.8779981773429116e-06,
  "vol_momentum": -5.816997266006041e-06,
  "m1_momentum_1_std": -5.816997266011592e-06,
  "m5_volume_ratio_10": -2.52069881527206e-05,
  "m5_gap": -3.102398541872664e-05,
  "m15_low_dist": -3.102398541872664e-05,
  "m5_rsi_14": -4.6535978128098286e-05,
  "m5_ema_9_21_cross": -4.6535978128103836e-05,
  "m15_high_dist": -5.235297539409878e-05,
  "m1_momentum_1_mean": -5.623097357144169e-05,
  "m5_log_return_1": -6.0108971748790153e-05,
  "m1_ema_8_last": -6.398696992612751e-05,
  "m5_return_5": -7.755996354682492e-05,
  "m5_macd_cross": -8.53159599015052e-05,
  "m5_regime_ranging": -9.113295716751125e-05,
  "m5_return_1": -9.694995443352838e-05,
  "m1_lower_wick_last": -0.00010858394896555712,
  "m5_volume_ratio_20": -0.00011052294805422025,
  "m1_rsi_9_last": -0.00011633994532023184,
  "m15_volume_ratio": -0.0001357299362069353,
  "m1_momentum_3_mean": -0.00013572993620694084,
  "m1_momentum_5_std": -0.00016287592344831346,
  "m5_rsi_7_change": -0.00018226591433502802,
  "m5_bb_width": -0.0002055339033990744,
  "vol_ratio": -0.0002346188897291157,
  "m5_hl_range_ratio": -0.0002733988715025393,
  "m15_momentum": -0.0002947278614779114,
  "vol_zscore": -0.000300544858743923,
  "m5_return_20": -0.0003276908459853067,
  "m15_trend_strength": -0.000424640800418824,
  "m5_atr_7_pct": -0.0005235297539410155,
  "m1_momentum_5_mean": -0.0005351637484730387
}