{
  "m5_day_of_month": 0.014280451390235394,
  "m5_swing_low": 0.011057897390157844,
  "m5_hour_cos": 0.007288556249272904,
  "m5_swing_high": 0.006710745724589917,
  "m5_hour_sin": 0.005704424710125266,
  "m5_close_position": 0.004370419203474629,
  "m5_day_sin": 0.0029569162756427738,
  "m5_atr_vs_avg": 0.0026253538604723457,
  "m5_regime_strong_downtrend": 0.0022782797533641153,
  "m5_ema_50_200_cross": 0.0017489432659867465,
  "m15_atr_pct": 0.0016170938845154691,
  "m5_day_cos": 0.0015085120409508712,
  "m5_rsi_14_change": 0.0013882964284329335,
  "m1_rsi_9_mean": 0.0010838794741536539,
  "m5_lower_low": 0.0010625508977391783,
  "m5_higher_high": 0.0010470392058013812,
  "m5_regime_strong_uptrend": 0.00101213789894134,
  "m5_lower_high": 0.0009888703610346384,
  "m1_vwap_dist_last": 0.0009772365920812875,
  "m5_structure_score": 0.0009694807461123999,
  "m5_higher_low": 0.0009656028231279423,
  "m5_atr_14_pct": 0.0009636638616357274,
  "m5_stoch_d": 0.000562298832745195,
  "m5_dist_to_support": 0.0005603598712529689,
  "m1_momentum_3_last": 0.0005099468724551248,
  "m5_regime_high_volatility": 0.0004905572575328754,
  "m5_ema_200_dist": 0.0004323884127661326,
  "m15_high_dist": 0.0004149377593361092,
  "m5_session_american": 0.0003354403381548965,
  "m1_ema_3_last": 0.00029278318532596217,
  "m5_ema_50_dist": 0.00027727149338814815,
  "m5_hl_range_ratio": 0.00026563772443480294,
  "m5_return_10": 0.0002559429169736838,
  "m1_momentum_5_std": 0.00025206499398923167,
  "m1_rsi_5_mean": 0.00023655330205142876,
  "m5_return_20": 0.0002035909566836136,
  "m5_range_position": 0.00020165199519139865,
  "m15_low_dist": 0.0001997130336991504,
  "m5_bb_width": 0.00015705588087022715,
  "m5_ema_9_21_cross": 0.00014542211191686527,
  "m5_volume_ratio_5": 0.00014348315042464477,
  "m15_volume_ratio": 0.00012021561251795431,
  "m5_return_5": 9.694807461125277e-05,
  "m5_hl_range": 9.500911311903782e-05,
  "m5_atr_ratio": 8.531430565790199e-05,
  "m1_momentum_3_mean": 7.561949819678281e-05,
  "m5_stoch_k": 7.561949819677727e-05,
  "m1_momentum_3_std": 7.561949819677727e-05,
  "m1_ema_8_last": 6.592469073565254e-05,
  "m5_rsi_7": 4.0718191336741595e-05,
  "m5_regime_weak_uptrend": 3.490130686006898e-05,
  "m15_momentum": 2.9084422383379715e-05,
  "m5_macd_cross": 1.745065343004004e-05,
  "m1_lower_wick_last": 1.3572730445587933e-05,
  "m5_return_1": 1.1633768953350776e-05,
  "m5_ema_9_dist": 9.694807461135824e-06,
  "m5_stoch_cross": 5.8168844766781636e-06,
  "m1_volume_spike_last": 5.8168844766781636e-06,
  "m5_gap": 1.9389614922260545e-06,
  "m5_ema_21_dist": 1.6653345369377347e-17,
  "m5_bb_position": 1.1102230246251566e-17,
  "m5_log_return_1": 0.0,
  "m5_price_above_ema_9": 0.0,
  "m5_price_above_ema_21": 0.0,
  "m5_price_above_ema_50": 0.0,
  "m5_price_above_ema_200": 0.0,
  "m5_rsi_7_overbought": 0.0,
  "m5_rsi_7_oversold": 0.0,
  "m5_rsi_7_divergence": 0.0,
  "m5_rsi_14_overbought": 0.0,
  "m5_rsi_14_divergence": 0.0,
  "m5_stoch_overbought": 0.0,
  "m5_doji": 0.0,
  "m5_hammer": 0.0,
  "m5_inverted_hammer": 0.0,
  "m5_spinning_top": 0.0,
  "m5_marubozu": 0.0,
  "m5_engulfing": 0.0,
  "m5_harami": 0.0,
  "m5_morning_star": 0.0,
  "m5_evening_star": 0.0,
  "m5_bearish_pattern_sum": 0.0,
  "m5_at_resistance": 0.0,
  "m5_at_support": 0.0,
  "m5_breakout_up": 0.0,
  "m5_breakout_down": 0.0,
  "m5_ema_trend": 0.0,
  "m5_above_fast_ema": 0.0,
  "m5_above_slow_ema": 0.0,
  "m5_regime_weak_downtrend": 0.0,
  "m15_trend": 0.0,
  "m1_momentum_5_last": 0.0,
  "m1_rsi_9_last": 0.0,
  "m1_micro_trend_last": 0.0,
  "vol_momentum": 0.0,
  "m5_bullish_pattern_sum": -5.816884476672612e-06,
  "m5_rsi_14_oversold": -7.755845968898667e-06,
  "m5_regime_ranging": -9.694807461124721e-06,
  "m1_rsi_5_last": -1.1633768953334123e-05,
  "m5_bb_squeeze": -1.3572730445565729e-05,
  "m15_rsi": -2.1328576414469947e-05,
  "m1_momentum_1_mean": -2.326753790670155e-05,
  "m5_macd_above_zero": -3.4901306860030126e-05,
  "m1_rsi_9_std": -4.071819133670273e-05,
  "m5_hl_range_ma": -4.459611432115484e-05,
  "m5_rsi_14": -6.398572924340429e-05,
  "m1_body_size_last": -6.398572924340984e-05,
  "m5_stoch_oversold": -7.3680536704529e-05,
  "m1_rsi_5_std": -7.3680536704529e-05,
  "vol_zscore": -9.694807461122502e-05,
  "m5_dist_to_resistance": -0.00010276495908790318,
  "m5_volume_ratio_10": -0.00012021561251793211,
  "m5_is_weekend": -0.00012409353550236202,
  "m1_upper_wick_last": -0.00012991041997904574,
  "m5_volume_ratio_20": -0.00014736107340906356,
  "m5_session_european": -0.00015317795788574728,
  "m5_rsi_7_change": -0.00019195718773024062,
  "m5_session_asian": -0.00021134680265247897,
  "price_vs_vwap": -0.00023461434055918606,
  "vol_ratio": -0.00023849226354363817,
  "m15_trend_strength": -0.00024237018652807917,
  "m1_momentum_5_mean": -0.0002443091480203108,
  "m1_momentum_1_last": -0.0003063559157715057,
  "m5_atr_21_pct": -0.00036840268352268944,
  "m1_momentum_1_std": -0.0006379183309419334,
  "m5_atr_7_pct": -0.0011614379338426184
}