{
  "n_estimators": 452,
  "max_depth": 7,
  "num_leaves": 57,
  "min_child_samples": 80,
  "learning_rate": 0.082702266844394,
  "subsample": 0.6933079472320546,
  "colsample_bytree": 0.7267878122162936,
  "reg_alpha": 0.07478092095946129,
  "reg_lambda": 0.1098262730286515
}