{
  "max_depth": 6,
  "num_leaves": 41,
  "min_child_samples": 52,
  "learning_rate": 0.049191060640888275,
  "subsample": 0.8328126755216266,
  "colsample_bytree": 0.5240635246261925,
  "reg_alpha": 0.05877335393372402,
  "reg_lambda": 0.5506786306676659
}