{
  "atr_pct": 0.01903471415666541,
  "hour_cos": 0.008388179119886449,
  "dow_sin": 0.007033165569750958,
  "bb_position": 0.003742418376564712,
  "m15_trend_strength": 0.0025809781907343288,
  "autocorr_5": 0.0021293070073558074,
  "rsi": 0.0007742934572203172,
  "vol_spike": 0.0006452445476836285,
  "bull_pressure": 0.0006452445476835914,
  "compression": 0.0005807200929152471,
  "momentum_smooth": 0.0005161956381468658,
  "m15_momentum": 0.0004516711833785214,
  "ema_spread": 0.0004516711833784844,
  "structure_score": 0.00038714672861017707,
  "vol_imbalance": 0.0003226222738417957,
  "atr_ratio": 0.00025809781907345136,
  "upper_rejection": 0.00012904890953672568,
  "close_position": 6.452445476838135e-05,
  "bear_pressure": 3.700743415417188e-17,
  "squeeze": 0.0,
  "body_ratio": 0.0,
  "rsi_zone": 0.0,
  "false_breakout_up": 0.0,
  "false_breakout_dn": 0.0,
  "structure_hh": 0.0,
  "price_entropy": 0.0,
  "lower_rejection": -6.452445476830733e-05,
  "power_candle": -6.452445476834434e-05,
  "rsi_divergence": -6.452445476834434e-05,
  "m15_rsi": -0.00012904890953668868,
  "m1_momentum_max": -0.00019357336430503302,
  "wick_ratio": -0.00032262227384175873,
  "momentum_accel": -0.00032262227384175873,
  "structure_hl": -0.00032262227384175873,
  "m1_momentum_std": -0.00032262227384175873,
  "ema_alignment": -0.0004516711833784844,
  "m1_vol_concentration": -0.0004516711833784844,
  "vwap_dist": -0.0006452445476835544,
  "session_us": -0.0007097690024518988,
  "m15_vol_ratio": -0.0007097690024518988,
  "atr_change": -0.0009033423667570059,
  "session_europe": -0.0010323912762936944,
  "squeeze_intensity": -0.0012259646405988016,
  "ema_21_dist": -0.0012259646405988016,
  "vol_climax": -0.001484062459672179,
  "session_asia": -0.001484062459672179,
  "ema_9_dist": -0.0015485869144405602,
  "range_position": -0.0016776358239772489,
  "m1_range_mean": -0.0017421602787456303,
  "dist_to_high": -0.0017421602787456674,
  "hour_sin": -0.002193831462124115,
  "m15_trend": -0.002258355916892459,
  "efficiency": -0.0023874048264292216,
  "dow_cos": -0.0026455026455026362,
  "vol_dry": -0.0029036004645760505,
  "dist_to_low": -0.0030971738288811204,
  "vol_trend": -0.004065040650406508,
  "m15_atr_pct": -0.004774809652858407,
  "return_skew": -0.006065298748225589,
  "m15_range_pos": -0.006710543295909144
}