{
  "lookahead": 30,
  "sl_atr_mult": 1.5,
  "max_leverage": 20.0,
  "min_confidence": 0.5,
  "min_timing": 1.5,
  "min_strength": 2.0,
  "num_features": 6,
  "training_date": "2026-02-13T15:39:11.950029",
  "results": {
    "wr": 27.82608695652174,
    "pf": 0.14731147935862457,
    "trades": 115,
    "tpd": 6.388888888888889,
    "pnl": -59.36696729587724
  }
}