{
  "btc_trend_str": 0.032896277218449975,
  "m15_trend_str": 0.03063295090923272,
  "btc_momentum_12": 0.0279403730586123,
  "oi_ratio": 0.016467650042925126,
  "return_skew": 0.015765238429719775,
  "atr_pct": 0.012721454772496643,
  "compression": 0.009365488176071154,
  "btc_momentum_3": 0.007999687817060766,
  "vwap_dist": 0.007180207601654572,
  "btc_vol_surge": 0.00647779598844922,
  "btc_alt_corr": 0.006009521579645627,
  "m15_momentum": 0.004526652618434397,
  "range_position": 0.004370561148833163,
  "momentum_accel": 0.0038632638726293265,
  "vol_imbalance": 0.0030828065246234124,
  "m1_range_mean": 0.0021072348396159457,
  "atr_expansion": 0.0018340747678139053,
  "efficiency": 0.0014048232264106304,
  "squeeze_intensity": 0.0013658003590103496,
  "aggr_buy_cnt": 0.0013267774916100687,
  "oi_price_div": 0.0012877546242097508,
  "m15_rsi": 0.0012097088894091519,
  "ema_9_dist": 0.0010926402872082723,
  "bb_position": 0.0008975259502067567,
  "rsi": 0.0007024116132053152,
  "m15_range_pos": 0.0006633887458050344,
  "alt_btc_div_3": 0.0006243658784047165,
  "vol_delta_norm": 0.0006243658784046794,
  "vol_delta_5": 0.0005853430110043986,
  "m1_momentum_std": 0.0005853430110043986,
  "vol_delta_12": 0.0005072972762037997,
  "alt_btc_div_6": 0.00046827440880351884,
  "ema_spread": 0.0003512058066026021,
  "m15_trend": 0.0003121829392023212,
  "squeeze": 7.804573480052479e-05,
  "rsi_divergence": 3.902286740024389e-05,
  "funding_rate": 0.0,
  "funding_extreme": 0.0,
  "funding_direction": 0.0,
  "funding_cum_3": 0.0,
  "aggr_sell_cnt": 0.0,
  "ema_alignment": -0.0001951143370015155,
  "oi_change_pct": -0.0008975259502068678
}